{
    "cam-0007": {
        "k": [
            [
                443.67694091796875,
                0.0,
                256.0
            ],
            [
                0.0,
                443.67694091796875,
                256.0
            ],
            [
                0.0,
                0.0,
                1.0
            ]
        ],
        "pose": [
            [
                -0.8937154412269592,
                -0.42620253562927246,
                0.14008598029613495,
                -0.29123878479003906
            ],
            [
                -0.44863423705101013,
                0.8490296602249146,
                -0.27906256914138794,
                0.5801710486412048
            ],
            [
                2.2136303456932183e-08,
                -0.31224989891052246,
                -0.949999988079071,
                1.9750499725341797
            ],
            [
                0.0,
                0.0,
                0.0,
                1.0
            ]
        ]
    },
    "cam-0011": {
        "k": [
            [
                443.67694091796875,
                0.0,
                256.0
            ],
            [
                0.0,
                443.67694091796875,
                256.0
            ],
            [
                0.0,
                0.0,
                1.0
            ]
        ],
        "pose": [
            [
                0.9604208469390869,
                0.2571972906589508,
                -0.10696419328451157,
                0.22237853705883026
            ],
            [
                0.2785530388355255,
                -0.886788547039032,
                0.368801087141037,
                -0.7667374014854431
            ],
            [
                1.993827680735194e-08,
                -0.38399943709373474,
                -0.9233333468437195,
                1.9196100234985352
            ],
            [
                0.0,
                0.0,
                0.0,
                1.0
            ]
        ]
    },
    "cam-0100": {
        "k": [
            [
                443.67694091796875,
                0.0,
                256.0
            ],
            [
                0.0,
                443.67694091796875,
                256.0
            ],
            [
                0.0,
                0.0,
                1.0
            ]
        ],
        "pose": [
            [
                0.9904031753540039,
                0.045608729124069214,
                -0.13046608865261078,
                0.2712389826774597
            ],
            [
                0.13820837438106537,
                -0.32683292031288147,
                0.9349217414855957,
                -1.943702220916748
            ],
            [
                -1.8175768445871654e-08,
                -0.9439809918403625,
                -0.3299998641014099,
                0.6860700249671936
            ],
            [
                0.0,
                0.0,
                0.0,
                1.0
            ]
        ]
    },
    "cam-0131": {
        "k": [
            [
                443.67694091796875,
                0.0,
                256.0
            ],
            [
                0.0,
                443.67694091796875,
                256.0
            ],
            [
                0.0,
                0.0,
                1.0
            ]
        ],
        "pose": [
            [
                0.4739822745323181,
                0.10859924554824829,
                -0.8738117814064026,
                1.8166545629501343
            ],
            [
                0.8805344104766846,
                -0.058457713574171066,
                0.470363587141037,
                -0.9778861403465271
            ],
            [
                9.154196334293374e-08,
                -0.992365300655365,
                -0.12333329021930695,
                0.25641000270843506
            ],
            [
                0.0,
                0.0,
                0.0,
                1.0
            ]
        ]
    },
    "cam-0145": {
        "k": [
            [
                443.67694091796875,
                0.0,
                256.0
            ],
            [
                0.0,
                443.67694091796875,
                256.0
            ],
            [
                0.0,
                0.0,
                1.0
            ]
        ],
        "pose": [
            [
                0.42291998863220215,
                -0.027184942737221718,
                0.9057591557502747,
                -1.883073329925537
            ],
            [
                -0.9061670303344727,
                -0.012687641195952892,
                0.42272961139678955,
                -0.8788547515869141
            ],
            [
                6.69034534439561e-08,
                -0.999549925327301,
                -0.029999956488609314,
                0.062369998544454575
            ],
            [
                0.0,
                0.0,
                0.0,
                1.0
            ]
        ]
    },
    "cam-0167": {
        "k": [
            [
                443.67694091796875,
                0.0,
                256.0
            ],
            [
                0.0,
                443.67694091796875,
                256.0
            ],
            [
                0.0,
                0.0,
                1.0
            ]
        ],
        "pose": [
            [
                -0.8421400189399719,
                -0.06291372328996658,
                -0.535576343536377,
                1.1134634017944336
            ],
            [
                0.5392588973045349,
                -0.09824977070093155,
                -0.8363891243934631,
                1.7388529777526855
            ],
            [
                1.0110423431797244e-07,
                -0.9931710958480835,
                0.11666685342788696,
                -0.24255000054836273
            ],
            [
                0.0,
                0.0,
                0.0,
                1.0
            ]
        ]
    },
    "cam-0245": {
        "k": [
            [
                443.67694091796875,
                0.0,
                256.0
            ],
            [
                0.0,
                443.67694091796875,
                256.0
            ],
            [
                0.0,
                0.0,
                1.0
            ]
        ],
        "pose": [
            [
                -0.8390195965766907,
                0.34641125798225403,
                0.41957759857177734,
                -0.8723019361495972
            ],
            [
                -0.5441012382507324,
                -0.5341758131980896,
                -0.647000789642334,
                1.345114827156067
            ],
            [
                -1.5099580252808664e-07,
                -0.7711390256881714,
                0.6366667747497559,
                -1.3236299753189087
            ],
            [
                0.0,
                0.0,
                0.0,
                1.0
            ]
        ]
    },
    "cam-0286": {
        "k": [
            [
                443.67694091796875,
                0.0,
                256.0
            ],
            [
                0.0,
                443.67694091796875,
                256.0
            ],
            [
                0.0,
                0.0,
                1.0
            ]
        ],