{   
    "cam-0100": {
        "k": [
            [
                443.67694091796875,
                0.0,
                256.0
            ],
            [
                0.0,
                443.67694091796875,
                256.0
            ],
            [
                0.0,
                0.0,
                1.0
            ]
        ],
        "pose": [
            [
                0.9904031753540039,
                0.04560873657464981,
                -0.13046610355377197,
                0.23483896255493164
            ],
            [
                0.13820838928222656,
                -0.32683292031288147,
                0.9349217414855957,
                -1.6828590631484985
            ],
            [
                -1.563298468454377e-08,
                -0.9439809918403625,
                -0.3299998641014099,
                0.593999981880188
            ],
            [
                0.0,
                0.0,
                0.0,
                1.0
            ]
        ]
    }
}