{
    "cam-0030": {
        "k": [
            [
                2813.4169921875,
                0.0,
                1023.5
            ],
            [
                0.0,
                2813.4169921875,
                1023.5
            ],
            [
                0.0,
                0.0,
                1.0
            ]
        ],
        "pose": [
            [
                0.9961947202682495,
                0.016630098223686218,
                -0.08555443584918976,
                0.2593456506729126
            ],
            [
                0.08715573698282242,
                -0.19008290767669678,
                0.9778918027877808,
                -2.964334487915039
            ],
            [
                0.0,
                -0.9816272258758545,
                -0.1908089965581894,
                0.5784093141555786
            ],
            [
                0.0,
                0.0,
                0.0,
                1.0
            ]
        ]
    },
    "cam-0031": {
        "k": [
            [
                2813.4169921875,
                0.0,
                1023.5
            ],
            [
                0.0,
                2813.4169921875,
                1023.5
            ],
            [
                0.0,
                0.0,
                1.0
            ]
        ],
        "pose": [
            [
                0.642787754535675,
                0.14616814255714417,
                -0.7519699335098267,
                2.2793538570404053
            ],
            [
                0.7660443186759949,
                -0.12264968454837799,
                0.6309779286384583,
                -1.9126055240631104
            ],
            [
                0.0,
                -0.9816272258758545,
                -0.1908089965581894,
                0.5783757567405701
            ],
            [
                0.0,
                0.0,
                0.0,
                1.0
            ]
        ]
    },
    "cam-0037": {
        "k": [
            [
                2813.4169921875,
                0.0,
                1023.5
            ],
            [
                0.0,
                2813.4169921875,
                1023.5
            ],
            [
                0.0,
                0.0,
                1.0
            ]
        ],
        "pose": [
            [
                0.766044557094574,
                -0.35008713603019714,
                0.5390869379043579,
                -1.6340162754058838
            ],
            [
                -0.6427874565124512,
                -0.41721779108047485,
                0.6424590349197388,
                -1.947345495223999
            ],
            [
                0.0,
                -0.838670551776886,
                -0.5446390509605408,
                1.6508451700210571
            ],
            [
                0.0,
                0.0,
                0.0,
                1.0
            ]
        ]
    },
    "cam-0018": {
        "k": [
            [
                2813.4169921875,
                0.0,
                1023.5
            ],
            [
                0.0,
                2813.4169921875,
                1023.5
            ],
            [
                0.0,
                0.0,
                1.0
            ]
        ],
        "pose": [
            [
                -0.9961947202682495,
                0.016630107536911964,
                0.08555447310209274,
                -0.25934574007987976
            ],
            [
                -0.0871557742357254,
                -0.19008292257785797,
                -0.9778918027877808,
                2.964334487915039
            ],
            [
                0.0,
                -0.9816272258758545,
                0.19080901145935059,
                -0.5784093141555786
            ],
            [
                0.0,
                0.0,
                0.0,
                1.0
            ]
        ]
    }        
}