{
    "cam-0009": {
        "k": [
            [
                703.354248046875,
                0.0,
                255.5
            ],
            [
                0.0,
                703.354248046875,
                255.5
            ],
            [
                0.0,
                0.0,
                1.0
            ]
        ],
        "pose": [
            [
                -0.7660444378852844,
                -0.3500872552394867,
                -0.5390870571136475,
                1.7313694953918457
            ],
            [
                0.6427876353263855,
                -0.4172177016735077,
                -0.6424589157104492,
                2.0633656978607178
            ],
            [
                0.0,
                -0.838670551776886,
                0.5446390509605408,
                -1.749200701713562
            ],
            [
                0.0,
                0.0,
                0.0,
                1.0
            ]
        ]
    },
    "cam-0011": {
        "k": [
            [
                703.354248046875,
                0.0,
                255.5
            ],
            [
                0.0,
                703.354248046875,
                255.5
            ],
            [
                0.0,
                0.0,
                1.0
            ]
        ],
        "pose": [
            [
                -0.6427876353263855,
                0.4172177016735077,
                0.6424589157104492,
                -2.0630335807800293
            ],
            [
                -0.7660444378852844,
                -0.3500872552394867,
                -0.5390870571136475,
                1.731090784072876
            ],
            [
                0.0,
                -0.838670551776886,
                0.5446390509605408,
                -1.748919129371643
            ],
            [
                0.0,
                0.0,
                0.0,
                1.0
            ]
        ]
    },
    "cam-0013": {
        "k": [
            [
                703.354248046875,
                0.0,
                255.5
            ],
            [
                0.0,
                703.354248046875,
                255.5
            ],
            [
                0.0,
                0.0,
                1.0
            ]
        ],
        "pose": [
            [
                0.766044557094574,
                0.35008713603019714,
                0.5390869379043579,
                -1.7313690185546875
            ],
            [
                -0.6427874565124512,
                0.41721779108047485,
                0.6424590349197388,
                -2.063365936279297
            ],
            [
                0.0,
                -0.838670551776886,
                0.5446390509605408,
                -1.7492005825042725
            ],
            [
                0.0,
                0.0,
                0.0,
                1.0
            ]
        ]
    },
    "cam-0015": {
        "k": [
            [
                703.354248046875,
                0.0,
                255.5
            ],
            [
                0.0,
                703.354248046875,
                255.5
            ],
            [
                0.0,
                0.0,
                1.0
            ]
        ],
        "pose": [
            [
                0.642787754535675,
                -0.4172176420688629,
                -0.6424587965011597,
                2.0630335807800293
            ],
            [
                0.7660443186759949,
                0.35008731484413147,
                0.539087176322937,
                -1.7310914993286133
            ],
            [
                0.0,
                -0.838670551776886,
                0.5446390509605408,
                -1.7489193677902222
            ],
            [
                0.0,
                0.0,
                0.0,
                1.0
            ]
        ]
    },
    "cam-0032": {
        "k": [
            [
                703.354248046875,
                0.0,
                255.5
            ],
            [
                0.0,
                703.354248046875,
                255.5
            ],
            [
                0.0,
                0.0,
                1.0
            ]
        ],
        "pose": [
            [
                -0.08715572953224182,
                0.5425664782524109,
                -0.835479199886322,
                2.683354616165161
            ],
            [
                0.9961946606636047,
                0.047468412667512894,
                -0.07309494912624359,
                0.23476308584213257
            ],
            [
                0.0,
                -0.838670551776886,
                -0.5446390509605408,
                1.7492473125457764
            ],
            [
                0.0,
                0.0,
                0.0,
                1.0
            ]
        ]
    },
    "cam-0034": {
        "k": [
            [
                703.354248046875,
                0.0,
                255.5
            ],
            [
                0.0,
                703.354248046875,
                255.5
            ],
            [
                0.0,
                0.0,
                1.0
            ]
        ],
        "pose": [
            [
                -0.9961946606636047,
                -0.04746843874454498,
                0.07309497892856598,
                -0.23477861285209656
            ],
            [
                -0.0871557667851448,
                0.5425665974617004,
                -0.835479199886322,
                2.6835312843322754
            ],
            [
                0.0,
                -0.838670551776886,
                -0.5446391105651855,
                1.749362587928772
            ],
            [
                0.0,
                0.0,
                0.0,
                1.0
            ]
        ]
    },
    "cam-0036": {
        "k": [
            [
                703.354248046875,
                0.0,
                255.5
            ],
            [
                0.0,
                703.354248046875,
                255.5
            ],
            [
                0.0,
                0.0,
                1.0
            ]
        ],
        "pose": [
            [
                0.08715581893920898,
                -0.5425665378570557,
                0.8354791402816772,
                -2.683353900909424
            ],
            [
                -0.9961946606636047,
                -0.04746846482157707,
                0.07309501618146896,
                -0.2347632497549057
            ],
            [
                0.0,
                -0.838670551776886,
                -0.5446390509605408,
                1.7492469549179077
            ],
            [
                0.0,
                0.0,
                0.0,
                1.0
            ]
        ]
    },
    "cam-0038": {
        "k": [
            [
                703.354248046875,
                0.0,
                255.5
            ],
            [
                0.0,
                703.354248046875,
                255.5
            ],
            [
                0.0,
                0.0,
                1.0
            ]
        ],
        "pose": [
            [
                0.9961946606636047,
                0.047468412667512894,
                -0.07309494912624359,
                0.23477856814861298
            ],
            [
                0.08715572953224182,
                -0.5425664782524109,
                0.835479199886322,
                -2.6835317611694336
            ],
            [
                0.0,
                -0.838670551776886,
                -0.5446390509605408,
                1.7493627071380615
            ],
            [
                0.0,
                0.0,
                0.0,
                1.0
            ]
        ]
    }
}