{
    "cam-0011": {
        "k": [
            [
                443.67694091796875,
                0.0,
                256.0
            ],
            [
                0.0,
                443.67694091796875,
                256.0
            ],
            [
                0.0,
                0.0,
                1.0
            ]
        ],
        "pose": [
            [
                0.9604208469390869,
                0.2571972906589508,
                -0.10696419328451157,
                0.22237853705883026
            ],
            [
                0.2785530388355255,
                -0.886788547039032,
                0.368801087141037,
                -0.7667374014854431
            ],
            [
                1.993827680735194e-08,
                -0.38399943709373474,
                -0.9233333468437195,
                1.9196100234985352
            ],
            [
                0.0,
                0.0,
                0.0,
                1.0
            ]
        ]
    },
    "cam-0048": {
        "k": [
            [
                443.67694091796875,
                0.0,
                256.0
            ],
            [
                0.0,
                443.67694091796875,
                256.0
            ],
            [
                0.0,
                0.0,
                1.0
            ]
        ],
        "pose": [
            [
                0.8111986517906189,
                -0.3956947922706604,
                0.43056049942970276,
                -0.8951352834701538
            ],
            [
                -0.584770679473877,
                -0.5489110350608826,
                0.5972771048545837,
                -1.24173903465271
            ],
            [
                -2.3392612291672776e-08,
                -0.7362895607948303,
                -0.6766666173934937,
                1.406790018081665
            ],
            [
                0.0,
                0.0,
                0.0,
                1.0
            ]
        ]
    },
    "cam-0089": {
        "k": [
            [
                443.67694091796875,
                0.0,
                256.0
            ],
            [
                0.0,
                443.67694091796875,
                256.0
            ],
            [
                0.0,
                0.0,
                1.0
            ]
        ],
        "pose": [
            [
                0.1431414932012558,
                0.3991798758506775,
                -0.9056301116943359,
                1.8828049898147583
            ],
            [
                0.9897022247314453,
                -0.05773370712995529,
                0.13098208606243134,
                -0.2723117768764496
            ],
            [
                2.8225912274137954e-08,
                -0.915053129196167,
                -0.40333330631256104,
                0.8385300040245056
            ],
            [
                0.0,
                0.0,
                0.0,
                1.0
            ]
        ]
    },
    "cam-0100": {
        "k": [
            [
                443.67694091796875,
                0.0,
                256.0
            ],
            [
                0.0,
                443.67694091796875,
                256.0
            ],
            [
                0.0,
                0.0,
                1.0
            ]
        ],
        "pose": [
            [
                0.9904031753540039,
                0.045608729124069214,
                -0.13046608865261078,
                0.2712389826774597
            ],
            [
                0.13820837438106537,
                -0.32683292031288147,
                0.9349217414855957,
                -1.943702220916748
            ],
            [
                -1.8175768445871654e-08,
                -0.9439809918403625,
                -0.3299998641014099,
                0.6860700249671936
            ],
            [
                0.0,
                0.0,
                0.0,
                1.0
            ]
        ]
    },
    "cam-0132": {
        "k": [
            [
                443.67694091796875,
                0.0,
                256.0
            ],
            [
                0.0,
                443.67694091796875,
                256.0
            ],
            [
                0.0,
                0.0,
                1.0
            ]
        ],
        "pose": [
            [
                0.24338355660438538,
                -0.11315850913524628,
                0.9633066058158875,
                -2.0027143955230713
            ],
            [
                -0.969930112361908,
                -0.028394700959324837,
                0.2417215257883072,
                -0.5025390386581421
            ],
            [
                -4.441813317157539e-08,
                -0.9931711554527283,
                -0.11666665226221085,
                0.24255000054836273
            ],
            [
                0.0,
                0.0,
                0.0,
                1.0
            ]
        ]
    },
    "cam-0167": {
        "k": [
            [
                443.67694091796875,
                0.0,
                256.0
            ],
            [
                0.0,
                443.67694091796875,
                256.0
            ],
            [
                0.0,
                0.0,
                1.0
            ]
        ],
        "pose": [
            [
                -0.8421400189399719,
                -0.06291372328996658,
                -0.535576343536377,
                1.1134634017944336
            ],
            [
                0.5392588973045349,
                -0.09824977070093155,
                -0.8363891243934631,
                1.7388529777526855
            ],
            [
                1.0110423431797244e-07,
                -0.9931710958480835,
                0.11666685342788696,
                -0.24255000054836273
            ],
            [
                0.0,
                0.0,
                0.0,
                1.0
            ]
        ]
    },
    "cam-0286": {
        "k": [
            [
                443.67694091796875,
                0.0,
                256.0
            ],
            [
                0.0,
                443.67694091796875,
                256.0
            ],
            [
                0.0,
                0.0,
                1.0
            ]
        ],
        "pose": [
            [
                0.8705307841300964,
                0.44782373309135437,
                0.20403452217578888,
                -0.4241878092288971
            ],
            [
                -0.49211397767066956,
                0.792182981967926,
                0.36092931032180786,
                -0.7503718733787537
            ],
            [
                3.006995896726039e-08,
                -0.41460829973220825,
                0.9099999666213989,
                -1.891890048980713
            ],
            [
                0.0,
                0.0,
                0.0,
                1.0
            ]
        ]
    }
}