{
    "cam-0318": {
        "k": [
            [
                443.67694091796875,
                0.0,
                256.0
            ],
            [
                0.0,
                443.67694091796875,
                256.0
            ],
            [
                0.0,
                0.0,
                1.0
            ]
        ],
        "pose": [
            [
                1,
                0,
                0,
                0
            ],
            [
                0,
                0,
                1,
                -0.5
            ],
            [
                0,
                -1,
                0,
                0.8300000190734863
            ],
            [
                0.0,
                0.0,
                0.0,
                1.0
            ]
        ]
    }
}